sample_id,site_id,split
ABEC_CM__0,ABEC_CM,test
ABEC_CM__1,ABEC_CM,test
ABEC_CM__10,ABEC_CM,test
ABEC_CM__11,ABEC_CM,test
ABEC_CM__12,ABEC_CM,test
ABEC_CM__13,ABEC_CM,test
ABEC_CM__14,ABEC_CM,test
ABEC_CM__15,ABEC_CM,test
ABEC_CM__16,ABEC_CM,test
ABEC_CM__17,ABEC_CM,test
ABEC_CM__18,ABEC_CM,test
ABEC_CM__19,ABEC_CM,test
ABEC_CM__2,ABEC_CM,test
ABEC_CM__20,ABEC_CM,test
ABEC_CM__21,ABEC_CM,test
ABEC_CM__22,ABEC_CM,test
ABEC_CM__23,ABEC_CM,test
ABEC_CM__24,ABEC_CM,test
ABEC_CM__25,ABEC_CM,test
ABEC_CM__26,ABEC_CM,test
ABEC_CM__27,ABEC_CM,test
ABEC_CM__28,ABEC_CM,test
ABEC_CM__29,ABEC_CM,test
ABEC_CM__3,ABEC_CM,test
ABEC_CM__30,ABEC_CM,test
ABEC_CM__31,ABEC_CM,test
ABEC_CM__32,ABEC_CM,test
ABEC_CM__33,ABEC_CM,test
ABEC_CM__34,ABEC_CM,test
ABEC_CM__35,ABEC_CM,test
ABEC_CM__36,ABEC_CM,test
ABEC_CM__37,ABEC_CM,test
ABEC_CM__38,ABEC_CM,test
ABEC_CM__39,ABEC_CM,test
ABEC_CM__4,ABEC_CM,test
ABEC_CM__40,ABEC_CM,test
ABEC_CM__41,ABEC_CM,test
ABEC_CM__42,ABEC_CM,test
ABEC_CM__43,ABEC_CM,test
ABEC_CM__44,ABEC_CM,test
ABEC_CM__45,ABEC_CM,test
ABEC_CM__46,ABEC_CM,test
ABEC_CM__47,ABEC_CM,test
ABEC_CM__48,ABEC_CM,test
ABEC_CM__49,ABEC_CM,test
ABEC_CM__5,ABEC_CM,test
ABEC_CM__50,ABEC_CM,test
ABEC_CM__51,ABEC_CM,test
ABEC_CM__52,ABEC_CM,test
ABEC_CM__53,ABEC_CM,test
ABEC_CM__54,ABEC_CM,test
ABEC_CM__55,ABEC_CM,test
ABEC_CM__56,ABEC_CM,test
ABEC_CM__57,ABEC_CM,test
ABEC_CM__58,ABEC_CM,test
ABEC_CM__59,ABEC_CM,test
ABEC_CM__6,ABEC_CM,test
ABEC_CM__60,ABEC_CM,test
ABEC_CM__61,ABEC_CM,test
ABEC_CM__62,ABEC_CM,test
ABEC_CM__63,ABEC_CM,test
ABEC_CM__64,ABEC_CM,test
ABEC_CM__65,ABEC_CM,test
ABEC_CM__66,ABEC_CM,test
ABEC_CM__67,ABEC_CM,test
ABEC_CM__68,ABEC_CM,test
ABEC_CM__69,ABEC_CM,test
ABEC_CM__7,ABEC_CM,test
ABEC_CM__70,ABEC_CM,test
ABEC_CM__71,ABEC_CM,test
ABEC_CM__72,ABEC_CM,test
ABEC_CM__73,ABEC_CM,test
ABEC_CM__74,ABEC_CM,test
ABEC_CM__75,ABEC_CM,test
ABEC_CM__76,ABEC_CM,test
ABEC_CM__77,ABEC_CM,test
ABEC_CM__78,ABEC_CM,test
ABEC_CM__79,ABEC_CM,test
ABEC_CM__8,ABEC_CM,test
ABEC_CM__80,ABEC_CM,test
ABEC_CM__81,ABEC_CM,test
ABEC_CM__82,ABEC_CM,test
ABEC_CM__83,ABEC_CM,test
ABEC_CM__84,ABEC_CM,test
ABEC_CM__85,ABEC_CM,test
ABEC_CM__86,ABEC_CM,test
ABEC_CM__87,ABEC_CM,test
ABEC_CM__88,ABEC_CM,test
ABEC_CM__89,ABEC_CM,test
ABEC_CM__9,ABEC_CM,test
ABEC_CM__90,ABEC_CM,test
ABEC_CM__91,ABEC_CM,test
ABEC_CM__92,ABEC_CM,test
ABEC_CM__93,ABEC_CM,test
ABEC_CM__94,ABEC_CM,test
ABEC_CM__95,ABEC_CM,test
ABEC_CM__96,ABEC_CM,test
ABEC_CM__97,ABEC_CM,test
ABEC_CM__98,ABEC_CM,test
ABEC_CM__99,ABEC_CM,test
ABEC_MM__0,ABEC_MM,test
ABEC_MM__1,ABEC_MM,test
ABEC_MM__10,ABEC_MM,test
ABEC_MM__11,ABEC_MM,test
ABEC_MM__12,ABEC_MM,test
ABEC_MM__13,ABEC_MM,test
ABEC_MM__14,ABEC_MM,test
ABEC_MM__15,ABEC_MM,test
ABEC_MM__16,ABEC_MM,test
ABEC_MM__17,ABEC_MM,test
ABEC_MM__18,ABEC_MM,test
ABEC_MM__19,ABEC_MM,test
ABEC_MM__2,ABEC_MM,test
ABEC_MM__20,ABEC_MM,test
ABEC_MM__21,ABEC_MM,test
ABEC_MM__22,ABEC_MM,test
ABEC_MM__23,ABEC_MM,test
ABEC_MM__24,ABEC_MM,test
ABEC_MM__25,ABEC_MM,test
ABEC_MM__26,ABEC_MM,test
ABEC_MM__27,ABEC_MM,test
ABEC_MM__28,ABEC_MM,test
ABEC_MM__29,ABEC_MM,test
ABEC_MM__3,ABEC_MM,test
ABEC_MM__30,ABEC_MM,test
ABEC_MM__31,ABEC_MM,test
ABEC_MM__32,ABEC_MM,test
ABEC_MM__33,ABEC_MM,test
ABEC_MM__34,ABEC_MM,test
ABEC_MM__35,ABEC_MM,test
ABEC_MM__36,ABEC_MM,test
ABEC_MM__37,ABEC_MM,test
ABEC_MM__38,ABEC_MM,test
ABEC_MM__39,ABEC_MM,test
ABEC_MM__4,ABEC_MM,test
ABEC_MM__40,ABEC_MM,test
ABEC_MM__41,ABEC_MM,test
ABEC_MM__42,ABEC_MM,test
ABEC_MM__43,ABEC_MM,test
ABEC_MM__44,ABEC_MM,test
ABEC_MM__45,ABEC_MM,test
ABEC_MM__46,ABEC_MM,test
ABEC_MM__47,ABEC_MM,test
ABEC_MM__48,ABEC_MM,test
ABEC_MM__49,ABEC_MM,test
ABEC_MM__5,ABEC_MM,test
ABEC_MM__50,ABEC_MM,test
ABEC_MM__51,ABEC_MM,test
ABEC_MM__52,ABEC_MM,test
ABEC_MM__53,ABEC_MM,test
ABEC_MM__54,ABEC_MM,test
ABEC_MM__55,ABEC_MM,test
ABEC_MM__56,ABEC_MM,test
ABEC_MM__57,ABEC_MM,test
ABEC_MM__58,ABEC_MM,test
ABEC_MM__59,ABEC_MM,test
ABEC_MM__6,ABEC_MM,test
ABEC_MM__60,ABEC_MM,test
ABEC_MM__61,ABEC_MM,test
ABEC_MM__62,ABEC_MM,test
ABEC_MM__63,ABEC_MM,test
ABEC_MM__64,ABEC_MM,test
ABEC_MM__65,ABEC_MM,test
ABEC_MM__66,ABEC_MM,test
ABEC_MM__67,ABEC_MM,test
ABEC_MM__68,ABEC_MM,test
ABEC_MM__69,ABEC_MM,test
ABEC_MM__7,ABEC_MM,test
ABEC_MM__70,ABEC_MM,test
ABEC_MM__71,ABEC_MM,test
ABEC_MM__72,ABEC_MM,test
ABEC_MM__73,ABEC_MM,test
ABEC_MM__74,ABEC_MM,test
ABEC_MM__75,ABEC_MM,test
ABEC_MM__76,ABEC_MM,test
ABEC_MM__77,ABEC_MM,test
ABEC_MM__78,ABEC_MM,test
ABEC_MM__79,ABEC_MM,test
ABEC_MM__8,ABEC_MM,test
ABEC_MM__80,ABEC_MM,test
ABEC_MM__81,ABEC_MM,test
ABEC_MM__82,ABEC_MM,test
ABEC_MM__83,ABEC_MM,test
ABEC_MM__84,ABEC_MM,test
ABEC_MM__85,ABEC_MM,test
ABEC_MM__86,ABEC_MM,test
ABEC_MM__87,ABEC_MM,test
ABEC_MM__88,ABEC_MM,test
ABEC_MM__89,ABEC_MM,test
ABEC_MM__9,ABEC_MM,test
ABEC_MM__90,ABEC_MM,test
ABEC_MM__91,ABEC_MM,test
ABEC_MM__92,ABEC_MM,test
ABEC_MM__93,ABEC_MM,test
ABEC_MM__94,ABEC_MM,test
ABEC_MM__95,ABEC_MM,test
ABEC_MM__96,ABEC_MM,test
ABEC_MM__97,ABEC_MM,test
ABEC_MM__98,ABEC_MM,test
ABEC_MM__99,ABEC_MM,test
ABEC_RM__0,ABEC_RM,train
ABEC_RM__1,ABEC_RM,train
ABEC_RM__10,ABEC_RM,train
ABEC_RM__11,ABEC_RM,train
ABEC_RM__12,ABEC_RM,train
ABEC_RM__13,ABEC_RM,train
ABEC_RM__14,ABEC_RM,train
ABEC_RM__15,ABEC_RM,train
ABEC_RM__16,ABEC_RM,train
ABEC_RM__17,ABEC_RM,train
ABEC_RM__18,ABEC_RM,train
ABEC_RM__19,ABEC_RM,train
ABEC_RM__2,ABEC_RM,train
ABEC_RM__20,ABEC_RM,train
ABEC_RM__21,ABEC_RM,train
ABEC_RM__22,ABEC_RM,train
ABEC_RM__23,ABEC_RM,train
ABEC_RM__24,ABEC_RM,train
ABEC_RM__25,ABEC_RM,train
ABEC_RM__26,ABEC_RM,train
ABEC_RM__27,ABEC_RM,train
ABEC_RM__28,ABEC_RM,train
ABEC_RM__29,ABEC_RM,train
ABEC_RM__3,ABEC_RM,train
ABEC_RM__30,ABEC_RM,train
ABEC_RM__31,ABEC_RM,train
ABEC_RM__32,ABEC_RM,train
ABEC_RM__33,ABEC_RM,train
ABEC_RM__34,ABEC_RM,train
ABEC_RM__35,ABEC_RM,train
ABEC_RM__36,ABEC_RM,train
ABEC_RM__37,ABEC_RM,train
ABEC_RM__38,ABEC_RM,train
ABEC_RM__39,ABEC_RM,train
ABEC_RM__4,ABEC_RM,train
ABEC_RM__40,ABEC_RM,train
ABEC_RM__41,ABEC_RM,train
ABEC_RM__42,ABEC_RM,train
ABEC_RM__43,ABEC_RM,train
ABEC_RM__44,ABEC_RM,train
ABEC_RM__45,ABEC_RM,train
ABEC_RM__46,ABEC_RM,train
ABEC_RM__47,ABEC_RM,train
ABEC_RM__48,ABEC_RM,train
ABEC_RM__49,ABEC_RM,train
ABEC_RM__5,ABEC_RM,train
ABEC_RM__50,ABEC_RM,train
ABEC_RM__51,ABEC_RM,train
ABEC_RM__52,ABEC_RM,train
ABEC_RM__53,ABEC_RM,train
ABEC_RM__54,ABEC_RM,train
ABEC_RM__55,ABEC_RM,train
ABEC_RM__56,ABEC_RM,train
ABEC_RM__57,ABEC_RM,train
ABEC_RM__58,ABEC_RM,train
ABEC_RM__59,ABEC_RM,train
ABEC_RM__6,ABEC_RM,train
ABEC_RM__60,ABEC_RM,train
ABEC_RM__61,ABEC_RM,train
ABEC_RM__62,ABEC_RM,train
ABEC_RM__63,ABEC_RM,train
ABEC_RM__64,ABEC_RM,train
ABEC_RM__65,ABEC_RM,train
ABEC_RM__66,ABEC_RM,train
ABEC_RM__67,ABEC_RM,train
ABEC_RM__68,ABEC_RM,train
ABEC_RM__69,ABEC_RM,train
ABEC_RM__7,ABEC_RM,train
ABEC_RM__70,ABEC_RM,train
ABEC_RM__71,ABEC_RM,train
ABEC_RM__72,ABEC_RM,train
ABEC_RM__73,ABEC_RM,train
ABEC_RM__74,ABEC_RM,train
ABEC_RM__75,ABEC_RM,train
ABEC_RM__76,ABEC_RM,train
ABEC_RM__77,ABEC_RM,train
ABEC_RM__78,ABEC_RM,train
ABEC_RM__79,ABEC_RM,train
ABEC_RM__8,ABEC_RM,train
ABEC_RM__80,ABEC_RM,train
ABEC_RM__81,ABEC_RM,train
ABEC_RM__82,ABEC_RM,train
ABEC_RM__83,ABEC_RM,train
ABEC_RM__84,ABEC_RM,train
ABEC_RM__85,ABEC_RM,train
ABEC_RM__86,ABEC_RM,train
ABEC_RM__87,ABEC_RM,train
ABEC_RM__88,ABEC_RM,train
ABEC_RM__89,ABEC_RM,train
ABEC_RM__9,ABEC_RM,train
ABEC_RM__90,ABEC_RM,train
ABEC_RM__91,ABEC_RM,train
ABEC_RM__92,ABEC_RM,train
ABEC_RM__93,ABEC_RM,train
ABEC_RM__94,ABEC_RM,train
ABEC_RM__95,ABEC_RM,train
ABEC_RM__96,ABEC_RM,train
ABEC_RM__97,ABEC_RM,train
ABEC_RM__98,ABEC_RM,train
ABEC_RM__99,ABEC_RM,train
BT_BM__0,BT_BM,train
BT_BM__1,BT_BM,train
BT_BM__10,BT_BM,train
BT_BM__11,BT_BM,train
BT_BM__12,BT_BM,train
BT_BM__13,BT_BM,train
BT_BM__14,BT_BM,train
BT_BM__15,BT_BM,train
BT_BM__16,BT_BM,train
BT_BM__17,BT_BM,train
BT_BM__18,BT_BM,train
BT_BM__19,BT_BM,train
BT_BM__2,BT_BM,train
BT_BM__20,BT_BM,train
BT_BM__21,BT_BM,train
BT_BM__22,BT_BM,train
BT_BM__23,BT_BM,train
BT_BM__24,BT_BM,train
BT_BM__25,BT_BM,train
BT_BM__26,BT_BM,train
BT_BM__27,BT_BM,train
BT_BM__28,BT_BM,train
BT_BM__29,BT_BM,train
BT_BM__3,BT_BM,train
BT_BM__30,BT_BM,train
BT_BM__31,BT_BM,train
BT_BM__32,BT_BM,train
BT_BM__33,BT_BM,train
BT_BM__34,BT_BM,train
BT_BM__35,BT_BM,train
BT_BM__36,BT_BM,train
BT_BM__37,BT_BM,train
BT_BM__38,BT_BM,train
BT_BM__39,BT_BM,train
BT_BM__4,BT_BM,train
BT_BM__40,BT_BM,train
BT_BM__41,BT_BM,train
BT_BM__42,BT_BM,train
BT_BM__43,BT_BM,train
BT_BM__44,BT_BM,train
BT_BM__45,BT_BM,train
BT_BM__46,BT_BM,train
BT_BM__47,BT_BM,train
BT_BM__48,BT_BM,train
BT_BM__49,BT_BM,train
BT_BM__5,BT_BM,train
BT_BM__50,BT_BM,train
BT_BM__51,BT_BM,train
BT_BM__52,BT_BM,train
BT_BM__53,BT_BM,train
BT_BM__54,BT_BM,train
BT_BM__55,BT_BM,train
BT_BM__56,BT_BM,train
BT_BM__57,BT_BM,train
BT_BM__58,BT_BM,train
BT_BM__59,BT_BM,train
BT_BM__6,BT_BM,train
BT_BM__60,BT_BM,train
BT_BM__61,BT_BM,train
BT_BM__62,BT_BM,train
BT_BM__63,BT_BM,train
BT_BM__64,BT_BM,train
BT_BM__65,BT_BM,train
BT_BM__66,BT_BM,train
BT_BM__67,BT_BM,train
BT_BM__68,BT_BM,train
BT_BM__69,BT_BM,train
BT_BM__7,BT_BM,train
BT_BM__70,BT_BM,train
BT_BM__71,BT_BM,train
BT_BM__72,BT_BM,train
BT_BM__73,BT_BM,train
BT_BM__74,BT_BM,train
BT_BM__75,BT_BM,train
BT_BM__76,BT_BM,train
BT_BM__77,BT_BM,train
BT_BM__78,BT_BM,train
BT_BM__79,BT_BM,train
BT_BM__8,BT_BM,train
BT_BM__80,BT_BM,train
BT_BM__81,BT_BM,train
BT_BM__82,BT_BM,train
BT_BM__83,BT_BM,train
BT_BM__84,BT_BM,train
BT_BM__85,BT_BM,train
BT_BM__86,BT_BM,train
BT_BM__87,BT_BM,train
BT_BM__88,BT_BM,train
BT_BM__89,BT_BM,train
BT_BM__9,BT_BM,train
BT_BM__90,BT_BM,train
BT_BM__91,BT_BM,train
BT_BM__92,BT_BM,train
BT_BM__93,BT_BM,train
BT_BM__94,BT_BM,train
BT_BM__95,BT_BM,train
BT_BM__96,BT_BM,train
BT_BM__97,BT_BM,train
BT_BM__98,BT_BM,train
BT_BM__99,BT_BM,train
BT_LM__0,BT_LM,val
BT_LM__1,BT_LM,val
BT_LM__10,BT_LM,val
BT_LM__11,BT_LM,val
BT_LM__12,BT_LM,val
BT_LM__13,BT_LM,val
BT_LM__14,BT_LM,val
BT_LM__15,BT_LM,val
BT_LM__16,BT_LM,val
BT_LM__17,BT_LM,val
BT_LM__18,BT_LM,val
BT_LM__19,BT_LM,val
BT_LM__2,BT_LM,val
BT_LM__20,BT_LM,val
BT_LM__21,BT_LM,val
BT_LM__22,BT_LM,val
BT_LM__23,BT_LM,val
BT_LM__24,BT_LM,val
BT_LM__25,BT_LM,val
BT_LM__26,BT_LM,val
BT_LM__27,BT_LM,val
BT_LM__28,BT_LM,val
BT_LM__29,BT_LM,val
BT_LM__3,BT_LM,val
BT_LM__30,BT_LM,val
BT_LM__31,BT_LM,val
BT_LM__32,BT_LM,val
BT_LM__33,BT_LM,val
BT_LM__34,BT_LM,val
BT_LM__35,BT_LM,val
BT_LM__36,BT_LM,val
BT_LM__37,BT_LM,val
BT_LM__38,BT_LM,val
BT_LM__39,BT_LM,val
BT_LM__4,BT_LM,val
BT_LM__40,BT_LM,val
BT_LM__41,BT_LM,val
BT_LM__42,BT_LM,val
BT_LM__43,BT_LM,val
BT_LM__44,BT_LM,val
BT_LM__45,BT_LM,val
BT_LM__46,BT_LM,val
BT_LM__47,BT_LM,val
BT_LM__48,BT_LM,val
BT_LM__49,BT_LM,val
BT_LM__5,BT_LM,val
BT_LM__50,BT_LM,val
BT_LM__51,BT_LM,val
BT_LM__52,BT_LM,val
BT_LM__53,BT_LM,val
BT_LM__54,BT_LM,val
BT_LM__55,BT_LM,val
BT_LM__56,BT_LM,val
BT_LM__57,BT_LM,val
BT_LM__58,BT_LM,val
BT_LM__59,BT_LM,val
BT_LM__6,BT_LM,val
BT_LM__60,BT_LM,val
BT_LM__61,BT_LM,val
BT_LM__62,BT_LM,val
BT_LM__63,BT_LM,val
BT_LM__64,BT_LM,val
BT_LM__65,BT_LM,val
BT_LM__66,BT_LM,val
BT_LM__67,BT_LM,val
BT_LM__68,BT_LM,val
BT_LM__69,BT_LM,val
BT_LM__7,BT_LM,val
BT_LM__70,BT_LM,val
BT_LM__71,BT_LM,val
BT_LM__72,BT_LM,val
BT_LM__73,BT_LM,val
BT_LM__74,BT_LM,val
BT_LM__75,BT_LM,val
BT_LM__76,BT_LM,val
BT_LM__77,BT_LM,val
BT_LM__78,BT_LM,val
BT_LM__79,BT_LM,val
BT_LM__8,BT_LM,val
BT_LM__80,BT_LM,val
BT_LM__81,BT_LM,val
BT_LM__82,BT_LM,val
BT_LM__83,BT_LM,val
BT_LM__84,BT_LM,val
BT_LM__85,BT_LM,val
BT_LM__86,BT_LM,val
BT_LM__87,BT_LM,val
BT_LM__88,BT_LM,val
BT_LM__89,BT_LM,val
BT_LM__9,BT_LM,val
BT_LM__90,BT_LM,val
BT_LM__91,BT_LM,val
BT_LM__92,BT_LM,val
BT_LM__93,BT_LM,val
BT_LM__94,BT_LM,val
BT_LM__95,BT_LM,val
BT_LM__96,BT_LM,val
BT_LM__97,BT_LM,val
BT_LM__98,BT_LM,val
BT_LM__99,BT_LM,val
FL_BM__0,FL_BM,train
FL_BM__1,FL_BM,train
FL_BM__10,FL_BM,train
FL_BM__11,FL_BM,train
FL_BM__12,FL_BM,train
FL_BM__13,FL_BM,train
FL_BM__14,FL_BM,train
FL_BM__15,FL_BM,train
FL_BM__16,FL_BM,train
FL_BM__17,FL_BM,train
FL_BM__18,FL_BM,train
FL_BM__19,FL_BM,train
FL_BM__2,FL_BM,train
FL_BM__20,FL_BM,train
FL_BM__21,FL_BM,train
FL_BM__22,FL_BM,train
FL_BM__23,FL_BM,train
FL_BM__24,FL_BM,train
FL_BM__25,FL_BM,train
FL_BM__26,FL_BM,train
FL_BM__27,FL_BM,train
FL_BM__28,FL_BM,train
FL_BM__29,FL_BM,train
FL_BM__3,FL_BM,train
FL_BM__30,FL_BM,train
FL_BM__31,FL_BM,train
FL_BM__32,FL_BM,train
FL_BM__33,FL_BM,train
FL_BM__34,FL_BM,train
FL_BM__35,FL_BM,train
FL_BM__36,FL_BM,train
FL_BM__37,FL_BM,train
FL_BM__38,FL_BM,train
FL_BM__39,FL_BM,train
FL_BM__4,FL_BM,train
FL_BM__40,FL_BM,train
FL_BM__41,FL_BM,train
FL_BM__42,FL_BM,train
FL_BM__43,FL_BM,train
FL_BM__44,FL_BM,train
FL_BM__45,FL_BM,train
FL_BM__46,FL_BM,train
FL_BM__47,FL_BM,train
FL_BM__48,FL_BM,train
FL_BM__49,FL_BM,train
FL_BM__5,FL_BM,train
FL_BM__50,FL_BM,train
FL_BM__51,FL_BM,train
FL_BM__52,FL_BM,train
FL_BM__53,FL_BM,train
FL_BM__54,FL_BM,train
FL_BM__55,FL_BM,train
FL_BM__56,FL_BM,train
FL_BM__57,FL_BM,train
FL_BM__58,FL_BM,train
FL_BM__59,FL_BM,train
FL_BM__6,FL_BM,train
FL_BM__60,FL_BM,train
FL_BM__61,FL_BM,train
FL_BM__62,FL_BM,train
FL_BM__63,FL_BM,train
FL_BM__64,FL_BM,train
FL_BM__65,FL_BM,train
FL_BM__66,FL_BM,train
FL_BM__67,FL_BM,train
FL_BM__68,FL_BM,train
FL_BM__69,FL_BM,train
FL_BM__7,FL_BM,train
FL_BM__70,FL_BM,train
FL_BM__71,FL_BM,train
FL_BM__72,FL_BM,train
FL_BM__73,FL_BM,train
FL_BM__74,FL_BM,train
FL_BM__75,FL_BM,train
FL_BM__76,FL_BM,train
FL_BM__77,FL_BM,train
FL_BM__78,FL_BM,train
FL_BM__79,FL_BM,train
FL_BM__8,FL_BM,train
FL_BM__80,FL_BM,train
FL_BM__81,FL_BM,train
FL_BM__82,FL_BM,train
FL_BM__83,FL_BM,train
FL_BM__84,FL_BM,train
FL_BM__85,FL_BM,train
FL_BM__86,FL_BM,train
FL_BM__87,FL_BM,train
FL_BM__88,FL_BM,train
FL_BM__89,FL_BM,train
FL_BM__9,FL_BM,train
FL_BM__90,FL_BM,train
FL_BM__91,FL_BM,train
FL_BM__92,FL_BM,train
FL_BM__93,FL_BM,train
FL_BM__94,FL_BM,train
FL_BM__95,FL_BM,train
FL_BM__96,FL_BM,train
FL_BM__97,FL_BM,train
FL_BM__98,FL_BM,train
FL_BM__99,FL_BM,train
FL_LM__0,FL_LM,train
FL_LM__1,FL_LM,train
FL_LM__10,FL_LM,train
FL_LM__11,FL_LM,train
FL_LM__12,FL_LM,train
FL_LM__13,FL_LM,train
FL_LM__14,FL_LM,train
FL_LM__15,FL_LM,train
FL_LM__16,FL_LM,train
FL_LM__17,FL_LM,train
FL_LM__18,FL_LM,train
FL_LM__19,FL_LM,train
FL_LM__2,FL_LM,train
FL_LM__20,FL_LM,train
FL_LM__21,FL_LM,train
FL_LM__22,FL_LM,train
FL_LM__23,FL_LM,train
FL_LM__24,FL_LM,train
FL_LM__25,FL_LM,train
FL_LM__26,FL_LM,train
FL_LM__27,FL_LM,train
FL_LM__28,FL_LM,train
FL_LM__29,FL_LM,train
FL_LM__3,FL_LM,train
FL_LM__30,FL_LM,train
FL_LM__31,FL_LM,train
FL_LM__32,FL_LM,train
FL_LM__33,FL_LM,train
FL_LM__34,FL_LM,train
FL_LM__35,FL_LM,train
FL_LM__36,FL_LM,train
FL_LM__37,FL_LM,train
FL_LM__38,FL_LM,train
FL_LM__39,FL_LM,train
FL_LM__4,FL_LM,train
FL_LM__40,FL_LM,train
FL_LM__41,FL_LM,train
FL_LM__42,FL_LM,train
FL_LM__43,FL_LM,train
FL_LM__44,FL_LM,train
FL_LM__45,FL_LM,train
FL_LM__46,FL_LM,train
FL_LM__47,FL_LM,train
FL_LM__48,FL_LM,train
FL_LM__49,FL_LM,train
FL_LM__5,FL_LM,train
FL_LM__50,FL_LM,train
FL_LM__51,FL_LM,train
FL_LM__52,FL_LM,train
FL_LM__53,FL_LM,train
FL_LM__54,FL_LM,train
FL_LM__55,FL_LM,train
FL_LM__56,FL_LM,train
FL_LM__57,FL_LM,train
FL_LM__58,FL_LM,train
FL_LM__59,FL_LM,train
FL_LM__6,FL_LM,train
FL_LM__60,FL_LM,train
FL_LM__61,FL_LM,train
FL_LM__62,FL_LM,train
FL_LM__63,FL_LM,train
FL_LM__64,FL_LM,train
FL_LM__65,FL_LM,train
FL_LM__66,FL_LM,train
FL_LM__67,FL_LM,train
FL_LM__68,FL_LM,train
FL_LM__69,FL_LM,train
FL_LM__7,FL_LM,train
FL_LM__70,FL_LM,train
FL_LM__71,FL_LM,train
FL_LM__72,FL_LM,train
FL_LM__73,FL_LM,train
FL_LM__74,FL_LM,train
FL_LM__75,FL_LM,train
FL_LM__76,FL_LM,train
FL_LM__77,FL_LM,train
FL_LM__78,FL_LM,train
FL_LM__79,FL_LM,train
FL_LM__8,FL_LM,train
FL_LM__80,FL_LM,train
FL_LM__81,FL_LM,train
FL_LM__82,FL_LM,train
FL_LM__83,FL_LM,train
FL_LM__84,FL_LM,train
FL_LM__85,FL_LM,train
FL_LM__86,FL_LM,train
FL_LM__87,FL_LM,train
FL_LM__88,FL_LM,train
FL_LM__89,FL_LM,train
FL_LM__9,FL_LM,train
FL_LM__90,FL_LM,train
FL_LM__91,FL_LM,train
FL_LM__92,FL_LM,train
FL_LM__93,FL_LM,train
FL_LM__94,FL_LM,train
FL_LM__95,FL_LM,train
FL_LM__96,FL_LM,train
FL_LM__97,FL_LM,train
FL_LM__98,FL_LM,train
FL_LM__99,FL_LM,train
HB_G__0,HB_G,train
HB_G__1,HB_G,train
HB_G__10,HB_G,train
HB_G__11,HB_G,train
HB_G__12,HB_G,train
HB_G__13,HB_G,train
HB_G__14,HB_G,train
HB_G__15,HB_G,train
HB_G__16,HB_G,train
HB_G__17,HB_G,train
HB_G__18,HB_G,train
HB_G__19,HB_G,train
HB_G__2,HB_G,train
HB_G__20,HB_G,train
HB_G__21,HB_G,train
HB_G__22,HB_G,train
HB_G__23,HB_G,train
HB_G__24,HB_G,train
HB_G__25,HB_G,train
HB_G__26,HB_G,train
HB_G__27,HB_G,train
HB_G__28,HB_G,train
HB_G__29,HB_G,train
HB_G__3,HB_G,train
HB_G__30,HB_G,train
HB_G__31,HB_G,train
HB_G__32,HB_G,train
HB_G__33,HB_G,train
HB_G__34,HB_G,train
HB_G__35,HB_G,train
HB_G__36,HB_G,train
HB_G__37,HB_G,train
HB_G__38,HB_G,train
HB_G__39,HB_G,train
HB_G__4,HB_G,train
HB_G__40,HB_G,train
HB_G__41,HB_G,train
HB_G__42,HB_G,train
HB_G__43,HB_G,train
HB_G__44,HB_G,train
HB_G__45,HB_G,train
HB_G__46,HB_G,train
HB_G__47,HB_G,train
HB_G__48,HB_G,train
HB_G__49,HB_G,train
HB_G__5,HB_G,train
HB_G__50,HB_G,train
HB_G__51,HB_G,train
HB_G__52,HB_G,train
HB_G__53,HB_G,train
HB_G__54,HB_G,train
HB_G__55,HB_G,train
HB_G__56,HB_G,train
HB_G__57,HB_G,train
HB_G__58,HB_G,train
HB_G__59,HB_G,train
HB_G__6,HB_G,train
HB_G__60,HB_G,train
HB_G__61,HB_G,train
HB_G__62,HB_G,train
HB_G__63,HB_G,train
HB_G__64,HB_G,train
HB_G__65,HB_G,train
HB_G__66,HB_G,train
HB_G__67,HB_G,train
HB_G__68,HB_G,train
HB_G__69,HB_G,train
HB_G__7,HB_G,train
HB_G__70,HB_G,train
HB_G__71,HB_G,train
HB_G__72,HB_G,train
HB_G__73,HB_G,train
HB_G__74,HB_G,train
HB_G__75,HB_G,train
HB_G__76,HB_G,train
HB_G__77,HB_G,train
HB_G__78,HB_G,train
HB_G__79,HB_G,train
HB_G__8,HB_G,train
HB_G__80,HB_G,train
HB_G__81,HB_G,train
HB_G__82,HB_G,train
HB_G__83,HB_G,train
HB_G__84,HB_G,train
HB_G__85,HB_G,train
HB_G__86,HB_G,train
HB_G__87,HB_G,train
HB_G__88,HB_G,train
HB_G__89,HB_G,train
HB_G__9,HB_G,train
HB_G__90,HB_G,train
HB_G__91,HB_G,train
HB_G__92,HB_G,train
HB_G__93,HB_G,train
HB_G__94,HB_G,train
HB_G__95,HB_G,train
HB_G__96,HB_G,train
HB_G__97,HB_G,train
HB_G__98,HB_G,train
HB_G__99,HB_G,train
HB_LM__0,HB_LM,val
HB_LM__1,HB_LM,val
HB_LM__10,HB_LM,val
HB_LM__11,HB_LM,val
HB_LM__12,HB_LM,val
HB_LM__13,HB_LM,val
HB_LM__14,HB_LM,val
HB_LM__15,HB_LM,val
HB_LM__16,HB_LM,val
HB_LM__17,HB_LM,val
HB_LM__18,HB_LM,val
HB_LM__19,HB_LM,val
HB_LM__2,HB_LM,val
HB_LM__20,HB_LM,val
HB_LM__21,HB_LM,val
HB_LM__22,HB_LM,val
HB_LM__23,HB_LM,val
HB_LM__24,HB_LM,val
HB_LM__25,HB_LM,val
HB_LM__26,HB_LM,val
HB_LM__27,HB_LM,val
HB_LM__28,HB_LM,val
HB_LM__29,HB_LM,val
HB_LM__3,HB_LM,val
HB_LM__30,HB_LM,val
HB_LM__31,HB_LM,val
HB_LM__32,HB_LM,val
HB_LM__33,HB_LM,val
HB_LM__34,HB_LM,val
HB_LM__35,HB_LM,val
HB_LM__36,HB_LM,val
HB_LM__37,HB_LM,val
HB_LM__38,HB_LM,val
HB_LM__39,HB_LM,val
HB_LM__4,HB_LM,val
HB_LM__40,HB_LM,val
HB_LM__41,HB_LM,val
HB_LM__42,HB_LM,val
HB_LM__43,HB_LM,val
HB_LM__44,HB_LM,val
HB_LM__45,HB_LM,val
HB_LM__46,HB_LM,val
HB_LM__47,HB_LM,val
HB_LM__48,HB_LM,val
HB_LM__49,HB_LM,val
HB_LM__5,HB_LM,val
HB_LM__50,HB_LM,val
HB_LM__51,HB_LM,val
HB_LM__52,HB_LM,val
HB_LM__53,HB_LM,val
HB_LM__54,HB_LM,val
HB_LM__55,HB_LM,val
HB_LM__56,HB_LM,val
HB_LM__57,HB_LM,val
HB_LM__58,HB_LM,val
HB_LM__59,HB_LM,val
HB_LM__6,HB_LM,val
HB_LM__60,HB_LM,val
HB_LM__61,HB_LM,val
HB_LM__62,HB_LM,val
HB_LM__63,HB_LM,val
HB_LM__64,HB_LM,val
HB_LM__65,HB_LM,val
HB_LM__66,HB_LM,val
HB_LM__67,HB_LM,val
HB_LM__68,HB_LM,val
HB_LM__69,HB_LM,val
HB_LM__7,HB_LM,val
HB_LM__70,HB_LM,val
HB_LM__71,HB_LM,val
HB_LM__72,HB_LM,val
HB_LM__73,HB_LM,val
HB_LM__74,HB_LM,val
HB_LM__75,HB_LM,val
HB_LM__76,HB_LM,val
HB_LM__77,HB_LM,val
HB_LM__78,HB_LM,val
HB_LM__79,HB_LM,val
HB_LM__8,HB_LM,val
HB_LM__80,HB_LM,val
HB_LM__81,HB_LM,val
HB_LM__82,HB_LM,val
HB_LM__83,HB_LM,val
HB_LM__84,HB_LM,val
HB_LM__85,HB_LM,val
HB_LM__86,HB_LM,val
HB_LM__87,HB_LM,val
HB_LM__88,HB_LM,val
HB_LM__89,HB_LM,val
HB_LM__9,HB_LM,val
HB_LM__90,HB_LM,val
HB_LM__91,HB_LM,val
HB_LM__92,HB_LM,val
HB_LM__93,HB_LM,val
HB_LM__94,HB_LM,val
HB_LM__95,HB_LM,val
HB_LM__96,HB_LM,val
HB_LM__97,HB_LM,val
HB_LM__98,HB_LM,val
HB_LM__99,HB_LM,val
HB_MM__0,HB_MM,train
HB_MM__1,HB_MM,train
HB_MM__10,HB_MM,train
HB_MM__11,HB_MM,train
HB_MM__12,HB_MM,train
HB_MM__13,HB_MM,train
HB_MM__14,HB_MM,train
HB_MM__15,HB_MM,train
HB_MM__16,HB_MM,train
HB_MM__17,HB_MM,train
HB_MM__18,HB_MM,train
HB_MM__19,HB_MM,train
HB_MM__2,HB_MM,train
HB_MM__20,HB_MM,train
HB_MM__21,HB_MM,train
HB_MM__22,HB_MM,train
HB_MM__23,HB_MM,train
HB_MM__24,HB_MM,train
HB_MM__25,HB_MM,train
HB_MM__26,HB_MM,train
HB_MM__27,HB_MM,train
HB_MM__28,HB_MM,train
HB_MM__29,HB_MM,train
HB_MM__3,HB_MM,train
HB_MM__30,HB_MM,train
HB_MM__31,HB_MM,train
HB_MM__32,HB_MM,train
HB_MM__33,HB_MM,train
HB_MM__34,HB_MM,train
HB_MM__35,HB_MM,train
HB_MM__36,HB_MM,train
HB_MM__37,HB_MM,train
HB_MM__38,HB_MM,train
HB_MM__39,HB_MM,train
HB_MM__4,HB_MM,train
HB_MM__40,HB_MM,train
HB_MM__41,HB_MM,train
HB_MM__42,HB_MM,train
HB_MM__43,HB_MM,train
HB_MM__44,HB_MM,train
HB_MM__45,HB_MM,train
HB_MM__46,HB_MM,train
HB_MM__47,HB_MM,train
HB_MM__48,HB_MM,train
HB_MM__49,HB_MM,train
HB_MM__5,HB_MM,train
HB_MM__50,HB_MM,train
HB_MM__51,HB_MM,train
HB_MM__52,HB_MM,train
HB_MM__53,HB_MM,train
HB_MM__54,HB_MM,train
HB_MM__55,HB_MM,train
HB_MM__56,HB_MM,train
HB_MM__57,HB_MM,train
HB_MM__58,HB_MM,train
HB_MM__59,HB_MM,train
HB_MM__6,HB_MM,train
HB_MM__60,HB_MM,train
HB_MM__61,HB_MM,train
HB_MM__62,HB_MM,train
HB_MM__63,HB_MM,train
HB_MM__64,HB_MM,train
HB_MM__65,HB_MM,train
HB_MM__66,HB_MM,train
HB_MM__67,HB_MM,train
HB_MM__68,HB_MM,train
HB_MM__69,HB_MM,train
HB_MM__7,HB_MM,train
HB_MM__70,HB_MM,train
HB_MM__71,HB_MM,train
HB_MM__72,HB_MM,train
HB_MM__73,HB_MM,train
HB_MM__74,HB_MM,train
HB_MM__75,HB_MM,train
HB_MM__76,HB_MM,train
HB_MM__77,HB_MM,train
HB_MM__78,HB_MM,train
HB_MM__79,HB_MM,train
HB_MM__8,HB_MM,train
HB_MM__80,HB_MM,train
HB_MM__81,HB_MM,train
HB_MM__82,HB_MM,train
HB_MM__83,HB_MM,train
HB_MM__84,HB_MM,train
HB_MM__85,HB_MM,train
HB_MM__86,HB_MM,train
HB_MM__87,HB_MM,train
HB_MM__88,HB_MM,train
HB_MM__89,HB_MM,train
HB_MM__9,HB_MM,train
HB_MM__90,HB_MM,train
HB_MM__91,HB_MM,train
HB_MM__92,HB_MM,train
HB_MM__93,HB_MM,train
HB_MM__94,HB_MM,train
HB_MM__95,HB_MM,train
HB_MM__96,HB_MM,train
HB_MM__97,HB_MM,train
HB_MM__98,HB_MM,train
HB_MM__99,HB_MM,train
HDCL_HW_A__0,HDCL_HW_A,train
HDCL_HW_A__1,HDCL_HW_A,train
HDCL_HW_A__10,HDCL_HW_A,train
HDCL_HW_A__11,HDCL_HW_A,train
HDCL_HW_A__12,HDCL_HW_A,train
HDCL_HW_A__13,HDCL_HW_A,train
HDCL_HW_A__14,HDCL_HW_A,train
HDCL_HW_A__15,HDCL_HW_A,train
HDCL_HW_A__16,HDCL_HW_A,train
HDCL_HW_A__17,HDCL_HW_A,train
HDCL_HW_A__18,HDCL_HW_A,train
HDCL_HW_A__19,HDCL_HW_A,train
HDCL_HW_A__2,HDCL_HW_A,train
HDCL_HW_A__20,HDCL_HW_A,train
HDCL_HW_A__21,HDCL_HW_A,train
HDCL_HW_A__22,HDCL_HW_A,train
HDCL_HW_A__23,HDCL_HW_A,train
HDCL_HW_A__24,HDCL_HW_A,train
HDCL_HW_A__25,HDCL_HW_A,train
HDCL_HW_A__26,HDCL_HW_A,train
HDCL_HW_A__27,HDCL_HW_A,train
HDCL_HW_A__28,HDCL_HW_A,train
HDCL_HW_A__29,HDCL_HW_A,train
HDCL_HW_A__3,HDCL_HW_A,train
HDCL_HW_A__30,HDCL_HW_A,train
HDCL_HW_A__31,HDCL_HW_A,train
HDCL_HW_A__32,HDCL_HW_A,train
HDCL_HW_A__33,HDCL_HW_A,train
HDCL_HW_A__34,HDCL_HW_A,train
HDCL_HW_A__35,HDCL_HW_A,train
HDCL_HW_A__36,HDCL_HW_A,train
HDCL_HW_A__37,HDCL_HW_A,train
HDCL_HW_A__38,HDCL_HW_A,train
HDCL_HW_A__39,HDCL_HW_A,train
HDCL_HW_A__4,HDCL_HW_A,train
HDCL_HW_A__40,HDCL_HW_A,train
HDCL_HW_A__41,HDCL_HW_A,train
HDCL_HW_A__42,HDCL_HW_A,train
HDCL_HW_A__43,HDCL_HW_A,train
HDCL_HW_A__44,HDCL_HW_A,train
HDCL_HW_A__45,HDCL_HW_A,train
HDCL_HW_A__46,HDCL_HW_A,train
HDCL_HW_A__47,HDCL_HW_A,train
HDCL_HW_A__48,HDCL_HW_A,train
HDCL_HW_A__49,HDCL_HW_A,train
HDCL_HW_A__5,HDCL_HW_A,train
HDCL_HW_A__50,HDCL_HW_A,train
HDCL_HW_A__51,HDCL_HW_A,train
HDCL_HW_A__52,HDCL_HW_A,train
HDCL_HW_A__53,HDCL_HW_A,train
HDCL_HW_A__54,HDCL_HW_A,train
HDCL_HW_A__55,HDCL_HW_A,train
HDCL_HW_A__56,HDCL_HW_A,train
HDCL_HW_A__57,HDCL_HW_A,train
HDCL_HW_A__58,HDCL_HW_A,train
HDCL_HW_A__59,HDCL_HW_A,train
HDCL_HW_A__6,HDCL_HW_A,train
HDCL_HW_A__60,HDCL_HW_A,train
HDCL_HW_A__61,HDCL_HW_A,train
HDCL_HW_A__62,HDCL_HW_A,train
HDCL_HW_A__63,HDCL_HW_A,train
HDCL_HW_A__64,HDCL_HW_A,train
HDCL_HW_A__65,HDCL_HW_A,train
HDCL_HW_A__66,HDCL_HW_A,train
HDCL_HW_A__67,HDCL_HW_A,train
HDCL_HW_A__68,HDCL_HW_A,train
HDCL_HW_A__69,HDCL_HW_A,train
HDCL_HW_A__7,HDCL_HW_A,train
HDCL_HW_A__70,HDCL_HW_A,train
HDCL_HW_A__71,HDCL_HW_A,train
HDCL_HW_A__72,HDCL_HW_A,train
HDCL_HW_A__73,HDCL_HW_A,train
HDCL_HW_A__74,HDCL_HW_A,train
HDCL_HW_A__75,HDCL_HW_A,train
HDCL_HW_A__76,HDCL_HW_A,train
HDCL_HW_A__77,HDCL_HW_A,train
HDCL_HW_A__78,HDCL_HW_A,train
HDCL_HW_A__79,HDCL_HW_A,train
HDCL_HW_A__8,HDCL_HW_A,train
HDCL_HW_A__80,HDCL_HW_A,train
HDCL_HW_A__81,HDCL_HW_A,train
HDCL_HW_A__82,HDCL_HW_A,train
HDCL_HW_A__83,HDCL_HW_A,train
HDCL_HW_A__84,HDCL_HW_A,train
HDCL_HW_A__85,HDCL_HW_A,train
HDCL_HW_A__86,HDCL_HW_A,train
HDCL_HW_A__87,HDCL_HW_A,train
HDCL_HW_A__88,HDCL_HW_A,train
HDCL_HW_A__89,HDCL_HW_A,train
HDCL_HW_A__9,HDCL_HW_A,train
HDCL_HW_A__90,HDCL_HW_A,train
HDCL_HW_A__91,HDCL_HW_A,train
HDCL_HW_A__92,HDCL_HW_A,train
HDCL_HW_A__93,HDCL_HW_A,train
HDCL_HW_A__94,HDCL_HW_A,train
HDCL_HW_A__95,HDCL_HW_A,train
HDCL_HW_A__96,HDCL_HW_A,train
HDCL_HW_A__97,HDCL_HW_A,train
HDCL_HW_A__98,HDCL_HW_A,train
HDCL_HW_A__99,HDCL_HW_A,train
HDCL_HW_B__0,HDCL_HW_B,train
HDCL_HW_B__1,HDCL_HW_B,train
HDCL_HW_B__10,HDCL_HW_B,train
HDCL_HW_B__11,HDCL_HW_B,train
HDCL_HW_B__12,HDCL_HW_B,train
HDCL_HW_B__13,HDCL_HW_B,train
HDCL_HW_B__14,HDCL_HW_B,train
HDCL_HW_B__15,HDCL_HW_B,train
HDCL_HW_B__16,HDCL_HW_B,train
HDCL_HW_B__17,HDCL_HW_B,train
HDCL_HW_B__18,HDCL_HW_B,train
HDCL_HW_B__19,HDCL_HW_B,train
HDCL_HW_B__2,HDCL_HW_B,train
HDCL_HW_B__20,HDCL_HW_B,train
HDCL_HW_B__21,HDCL_HW_B,train
HDCL_HW_B__22,HDCL_HW_B,train
HDCL_HW_B__23,HDCL_HW_B,train
HDCL_HW_B__24,HDCL_HW_B,train
HDCL_HW_B__25,HDCL_HW_B,train
HDCL_HW_B__26,HDCL_HW_B,train
HDCL_HW_B__27,HDCL_HW_B,train
HDCL_HW_B__28,HDCL_HW_B,train
HDCL_HW_B__29,HDCL_HW_B,train
HDCL_HW_B__3,HDCL_HW_B,train
HDCL_HW_B__30,HDCL_HW_B,train
HDCL_HW_B__31,HDCL_HW_B,train
HDCL_HW_B__32,HDCL_HW_B,train
HDCL_HW_B__33,HDCL_HW_B,train
HDCL_HW_B__34,HDCL_HW_B,train
HDCL_HW_B__35,HDCL_HW_B,train
HDCL_HW_B__36,HDCL_HW_B,train
HDCL_HW_B__37,HDCL_HW_B,train
HDCL_HW_B__38,HDCL_HW_B,train
HDCL_HW_B__39,HDCL_HW_B,train
HDCL_HW_B__4,HDCL_HW_B,train
HDCL_HW_B__40,HDCL_HW_B,train
HDCL_HW_B__41,HDCL_HW_B,train
HDCL_HW_B__42,HDCL_HW_B,train
HDCL_HW_B__43,HDCL_HW_B,train
HDCL_HW_B__44,HDCL_HW_B,train
HDCL_HW_B__45,HDCL_HW_B,train
HDCL_HW_B__46,HDCL_HW_B,train
HDCL_HW_B__47,HDCL_HW_B,train
HDCL_HW_B__48,HDCL_HW_B,train
HDCL_HW_B__49,HDCL_HW_B,train
HDCL_HW_B__5,HDCL_HW_B,train
HDCL_HW_B__50,HDCL_HW_B,train
HDCL_HW_B__51,HDCL_HW_B,train
HDCL_HW_B__52,HDCL_HW_B,train
HDCL_HW_B__53,HDCL_HW_B,train
HDCL_HW_B__54,HDCL_HW_B,train
HDCL_HW_B__55,HDCL_HW_B,train
HDCL_HW_B__56,HDCL_HW_B,train
HDCL_HW_B__57,HDCL_HW_B,train
HDCL_HW_B__58,HDCL_HW_B,train
HDCL_HW_B__59,HDCL_HW_B,train
HDCL_HW_B__6,HDCL_HW_B,train
HDCL_HW_B__60,HDCL_HW_B,train
HDCL_HW_B__61,HDCL_HW_B,train
HDCL_HW_B__62,HDCL_HW_B,train
HDCL_HW_B__63,HDCL_HW_B,train
HDCL_HW_B__64,HDCL_HW_B,train
HDCL_HW_B__65,HDCL_HW_B,train
HDCL_HW_B__66,HDCL_HW_B,train
HDCL_HW_B__67,HDCL_HW_B,train
HDCL_HW_B__68,HDCL_HW_B,train
HDCL_HW_B__69,HDCL_HW_B,train
HDCL_HW_B__7,HDCL_HW_B,train
HDCL_HW_B__70,HDCL_HW_B,train
HDCL_HW_B__71,HDCL_HW_B,train
HDCL_HW_B__72,HDCL_HW_B,train
HDCL_HW_B__73,HDCL_HW_B,train
HDCL_HW_B__74,HDCL_HW_B,train
HDCL_HW_B__75,HDCL_HW_B,train
HDCL_HW_B__76,HDCL_HW_B,train
HDCL_HW_B__77,HDCL_HW_B,train
HDCL_HW_B__78,HDCL_HW_B,train
HDCL_HW_B__79,HDCL_HW_B,train
HDCL_HW_B__8,HDCL_HW_B,train
HDCL_HW_B__80,HDCL_HW_B,train
HDCL_HW_B__81,HDCL_HW_B,train
HDCL_HW_B__82,HDCL_HW_B,train
HDCL_HW_B__83,HDCL_HW_B,train
HDCL_HW_B__84,HDCL_HW_B,train
HDCL_HW_B__85,HDCL_HW_B,train
HDCL_HW_B__86,HDCL_HW_B,train
HDCL_HW_B__87,HDCL_HW_B,train
HDCL_HW_B__88,HDCL_HW_B,train
HDCL_HW_B__89,HDCL_HW_B,train
HDCL_HW_B__9,HDCL_HW_B,train
HDCL_HW_B__90,HDCL_HW_B,train
HDCL_HW_B__91,HDCL_HW_B,train
HDCL_HW_B__92,HDCL_HW_B,train
HDCL_HW_B__93,HDCL_HW_B,train
HDCL_HW_B__94,HDCL_HW_B,train
HDCL_HW_B__95,HDCL_HW_B,train
HDCL_HW_B__96,HDCL_HW_B,train
HDCL_HW_B__97,HDCL_HW_B,train
HDCL_HW_B__98,HDCL_HW_B,train
HDCL_HW_B__99,HDCL_HW_B,train
HDCL_RM_A__0,HDCL_RM_A,train
HDCL_RM_A__1,HDCL_RM_A,train
HDCL_RM_A__10,HDCL_RM_A,train
HDCL_RM_A__11,HDCL_RM_A,train
HDCL_RM_A__12,HDCL_RM_A,train
HDCL_RM_A__13,HDCL_RM_A,train
HDCL_RM_A__14,HDCL_RM_A,train
HDCL_RM_A__15,HDCL_RM_A,train
HDCL_RM_A__16,HDCL_RM_A,train
HDCL_RM_A__17,HDCL_RM_A,train
HDCL_RM_A__18,HDCL_RM_A,train
HDCL_RM_A__19,HDCL_RM_A,train
HDCL_RM_A__2,HDCL_RM_A,train
HDCL_RM_A__20,HDCL_RM_A,train
HDCL_RM_A__21,HDCL_RM_A,train
HDCL_RM_A__22,HDCL_RM_A,train
HDCL_RM_A__23,HDCL_RM_A,train
HDCL_RM_A__24,HDCL_RM_A,train
HDCL_RM_A__25,HDCL_RM_A,train
HDCL_RM_A__26,HDCL_RM_A,train
HDCL_RM_A__27,HDCL_RM_A,train
HDCL_RM_A__28,HDCL_RM_A,train
HDCL_RM_A__29,HDCL_RM_A,train
HDCL_RM_A__3,HDCL_RM_A,train
HDCL_RM_A__30,HDCL_RM_A,train
HDCL_RM_A__31,HDCL_RM_A,train
HDCL_RM_A__32,HDCL_RM_A,train
HDCL_RM_A__33,HDCL_RM_A,train
HDCL_RM_A__34,HDCL_RM_A,train
HDCL_RM_A__35,HDCL_RM_A,train
HDCL_RM_A__36,HDCL_RM_A,train
HDCL_RM_A__37,HDCL_RM_A,train
HDCL_RM_A__38,HDCL_RM_A,train
HDCL_RM_A__39,HDCL_RM_A,train
HDCL_RM_A__4,HDCL_RM_A,train
HDCL_RM_A__40,HDCL_RM_A,train
HDCL_RM_A__41,HDCL_RM_A,train
HDCL_RM_A__42,HDCL_RM_A,train
HDCL_RM_A__43,HDCL_RM_A,train
HDCL_RM_A__44,HDCL_RM_A,train
HDCL_RM_A__45,HDCL_RM_A,train
HDCL_RM_A__46,HDCL_RM_A,train
HDCL_RM_A__47,HDCL_RM_A,train
HDCL_RM_A__48,HDCL_RM_A,train
HDCL_RM_A__49,HDCL_RM_A,train
HDCL_RM_A__5,HDCL_RM_A,train
HDCL_RM_A__50,HDCL_RM_A,train
HDCL_RM_A__51,HDCL_RM_A,train
HDCL_RM_A__52,HDCL_RM_A,train
HDCL_RM_A__53,HDCL_RM_A,train
HDCL_RM_A__54,HDCL_RM_A,train
HDCL_RM_A__55,HDCL_RM_A,train
HDCL_RM_A__56,HDCL_RM_A,train
HDCL_RM_A__57,HDCL_RM_A,train
HDCL_RM_A__58,HDCL_RM_A,train
HDCL_RM_A__59,HDCL_RM_A,train
HDCL_RM_A__6,HDCL_RM_A,train
HDCL_RM_A__60,HDCL_RM_A,train
HDCL_RM_A__61,HDCL_RM_A,train
HDCL_RM_A__62,HDCL_RM_A,train
HDCL_RM_A__63,HDCL_RM_A,train
HDCL_RM_A__64,HDCL_RM_A,train
HDCL_RM_A__65,HDCL_RM_A,train
HDCL_RM_A__66,HDCL_RM_A,train
HDCL_RM_A__67,HDCL_RM_A,train
HDCL_RM_A__68,HDCL_RM_A,train
HDCL_RM_A__69,HDCL_RM_A,train
HDCL_RM_A__7,HDCL_RM_A,train
HDCL_RM_A__70,HDCL_RM_A,train
HDCL_RM_A__71,HDCL_RM_A,train
HDCL_RM_A__72,HDCL_RM_A,train
HDCL_RM_A__73,HDCL_RM_A,train
HDCL_RM_A__74,HDCL_RM_A,train
HDCL_RM_A__75,HDCL_RM_A,train
HDCL_RM_A__76,HDCL_RM_A,train
HDCL_RM_A__77,HDCL_RM_A,train
HDCL_RM_A__78,HDCL_RM_A,train
HDCL_RM_A__79,HDCL_RM_A,train
HDCL_RM_A__8,HDCL_RM_A,train
HDCL_RM_A__80,HDCL_RM_A,train
HDCL_RM_A__81,HDCL_RM_A,train
HDCL_RM_A__82,HDCL_RM_A,train
HDCL_RM_A__83,HDCL_RM_A,train
HDCL_RM_A__84,HDCL_RM_A,train
HDCL_RM_A__85,HDCL_RM_A,train
HDCL_RM_A__86,HDCL_RM_A,train
HDCL_RM_A__87,HDCL_RM_A,train
HDCL_RM_A__88,HDCL_RM_A,train
HDCL_RM_A__89,HDCL_RM_A,train
HDCL_RM_A__9,HDCL_RM_A,train
HDCL_RM_A__90,HDCL_RM_A,train
HDCL_RM_A__91,HDCL_RM_A,train
HDCL_RM_A__92,HDCL_RM_A,train
HDCL_RM_A__93,HDCL_RM_A,train
HDCL_RM_A__94,HDCL_RM_A,train
HDCL_RM_A__95,HDCL_RM_A,train
HDCL_RM_A__96,HDCL_RM_A,train
HDCL_RM_A__97,HDCL_RM_A,train
HDCL_RM_A__98,HDCL_RM_A,train
HDCL_RM_A__99,HDCL_RM_A,train
HDCL_RM_B__0,HDCL_RM_B,train
HDCL_RM_B__1,HDCL_RM_B,train
HDCL_RM_B__10,HDCL_RM_B,train
HDCL_RM_B__11,HDCL_RM_B,train
HDCL_RM_B__12,HDCL_RM_B,train
HDCL_RM_B__13,HDCL_RM_B,train
HDCL_RM_B__14,HDCL_RM_B,train
HDCL_RM_B__15,HDCL_RM_B,train
HDCL_RM_B__16,HDCL_RM_B,train
HDCL_RM_B__17,HDCL_RM_B,train
HDCL_RM_B__18,HDCL_RM_B,train
HDCL_RM_B__19,HDCL_RM_B,train
HDCL_RM_B__2,HDCL_RM_B,train
HDCL_RM_B__20,HDCL_RM_B,train
HDCL_RM_B__21,HDCL_RM_B,train
HDCL_RM_B__22,HDCL_RM_B,train
HDCL_RM_B__23,HDCL_RM_B,train
HDCL_RM_B__24,HDCL_RM_B,train
HDCL_RM_B__25,HDCL_RM_B,train
HDCL_RM_B__26,HDCL_RM_B,train
HDCL_RM_B__27,HDCL_RM_B,train
HDCL_RM_B__28,HDCL_RM_B,train
HDCL_RM_B__29,HDCL_RM_B,train
HDCL_RM_B__3,HDCL_RM_B,train
HDCL_RM_B__30,HDCL_RM_B,train
HDCL_RM_B__31,HDCL_RM_B,train
HDCL_RM_B__32,HDCL_RM_B,train
HDCL_RM_B__33,HDCL_RM_B,train
HDCL_RM_B__34,HDCL_RM_B,train
HDCL_RM_B__35,HDCL_RM_B,train
HDCL_RM_B__36,HDCL_RM_B,train
HDCL_RM_B__37,HDCL_RM_B,train
HDCL_RM_B__38,HDCL_RM_B,train
HDCL_RM_B__39,HDCL_RM_B,train
HDCL_RM_B__4,HDCL_RM_B,train
HDCL_RM_B__40,HDCL_RM_B,train
HDCL_RM_B__41,HDCL_RM_B,train
HDCL_RM_B__42,HDCL_RM_B,train
HDCL_RM_B__43,HDCL_RM_B,train
HDCL_RM_B__44,HDCL_RM_B,train
HDCL_RM_B__45,HDCL_RM_B,train
HDCL_RM_B__46,HDCL_RM_B,train
HDCL_RM_B__47,HDCL_RM_B,train
HDCL_RM_B__48,HDCL_RM_B,train
HDCL_RM_B__49,HDCL_RM_B,train
HDCL_RM_B__5,HDCL_RM_B,train
HDCL_RM_B__50,HDCL_RM_B,train
HDCL_RM_B__51,HDCL_RM_B,train
HDCL_RM_B__52,HDCL_RM_B,train
HDCL_RM_B__53,HDCL_RM_B,train
HDCL_RM_B__54,HDCL_RM_B,train
HDCL_RM_B__55,HDCL_RM_B,train
HDCL_RM_B__56,HDCL_RM_B,train
HDCL_RM_B__57,HDCL_RM_B,train
HDCL_RM_B__58,HDCL_RM_B,train
HDCL_RM_B__59,HDCL_RM_B,train
HDCL_RM_B__6,HDCL_RM_B,train
HDCL_RM_B__60,HDCL_RM_B,train
HDCL_RM_B__61,HDCL_RM_B,train
HDCL_RM_B__62,HDCL_RM_B,train
HDCL_RM_B__63,HDCL_RM_B,train
HDCL_RM_B__64,HDCL_RM_B,train
HDCL_RM_B__65,HDCL_RM_B,train
HDCL_RM_B__66,HDCL_RM_B,train
HDCL_RM_B__67,HDCL_RM_B,train
HDCL_RM_B__68,HDCL_RM_B,train
HDCL_RM_B__69,HDCL_RM_B,train
HDCL_RM_B__7,HDCL_RM_B,train
HDCL_RM_B__70,HDCL_RM_B,train
HDCL_RM_B__71,HDCL_RM_B,train
HDCL_RM_B__72,HDCL_RM_B,train
HDCL_RM_B__73,HDCL_RM_B,train
HDCL_RM_B__74,HDCL_RM_B,train
HDCL_RM_B__75,HDCL_RM_B,train
HDCL_RM_B__76,HDCL_RM_B,train
HDCL_RM_B__77,HDCL_RM_B,train
HDCL_RM_B__78,HDCL_RM_B,train
HDCL_RM_B__79,HDCL_RM_B,train
HDCL_RM_B__8,HDCL_RM_B,train
HDCL_RM_B__80,HDCL_RM_B,train
HDCL_RM_B__81,HDCL_RM_B,train
HDCL_RM_B__82,HDCL_RM_B,train
HDCL_RM_B__83,HDCL_RM_B,train
HDCL_RM_B__84,HDCL_RM_B,train
HDCL_RM_B__85,HDCL_RM_B,train
HDCL_RM_B__86,HDCL_RM_B,train
HDCL_RM_B__87,HDCL_RM_B,train
HDCL_RM_B__88,HDCL_RM_B,train
HDCL_RM_B__89,HDCL_RM_B,train
HDCL_RM_B__9,HDCL_RM_B,train
HDCL_RM_B__90,HDCL_RM_B,train
HDCL_RM_B__91,HDCL_RM_B,train
HDCL_RM_B__92,HDCL_RM_B,train
HDCL_RM_B__93,HDCL_RM_B,train
HDCL_RM_B__94,HDCL_RM_B,train
HDCL_RM_B__95,HDCL_RM_B,train
HDCL_RM_B__96,HDCL_RM_B,train
HDCL_RM_B__97,HDCL_RM_B,train
HDCL_RM_B__98,HDCL_RM_B,train
HDCL_RM_B__99,HDCL_RM_B,train
HL_BM__0,HL_BM,train
HL_BM__1,HL_BM,train
HL_BM__10,HL_BM,train
HL_BM__11,HL_BM,train
HL_BM__12,HL_BM,train
HL_BM__13,HL_BM,train
HL_BM__14,HL_BM,train
HL_BM__15,HL_BM,train
HL_BM__16,HL_BM,train
HL_BM__17,HL_BM,train
HL_BM__18,HL_BM,train
HL_BM__19,HL_BM,train
HL_BM__2,HL_BM,train
HL_BM__20,HL_BM,train
HL_BM__21,HL_BM,train
HL_BM__22,HL_BM,train
HL_BM__23,HL_BM,train
HL_BM__24,HL_BM,train
HL_BM__25,HL_BM,train
HL_BM__26,HL_BM,train
HL_BM__27,HL_BM,train
HL_BM__28,HL_BM,train
HL_BM__29,HL_BM,train
HL_BM__3,HL_BM,train
HL_BM__30,HL_BM,train
HL_BM__31,HL_BM,train
HL_BM__32,HL_BM,train
HL_BM__33,HL_BM,train
HL_BM__34,HL_BM,train
HL_BM__35,HL_BM,train
HL_BM__36,HL_BM,train
HL_BM__37,HL_BM,train
HL_BM__38,HL_BM,train
HL_BM__39,HL_BM,train
HL_BM__4,HL_BM,train
HL_BM__40,HL_BM,train
HL_BM__41,HL_BM,train
HL_BM__42,HL_BM,train
HL_BM__43,HL_BM,train
HL_BM__44,HL_BM,train
HL_BM__45,HL_BM,train
HL_BM__46,HL_BM,train
HL_BM__47,HL_BM,train
HL_BM__48,HL_BM,train
HL_BM__49,HL_BM,train
HL_BM__5,HL_BM,train
HL_BM__50,HL_BM,train
HL_BM__51,HL_BM,train
HL_BM__52,HL_BM,train
HL_BM__53,HL_BM,train
HL_BM__54,HL_BM,train
HL_BM__55,HL_BM,train
HL_BM__56,HL_BM,train
HL_BM__57,HL_BM,train
HL_BM__58,HL_BM,train
HL_BM__59,HL_BM,train
HL_BM__6,HL_BM,train
HL_BM__60,HL_BM,train
HL_BM__61,HL_BM,train
HL_BM__62,HL_BM,train
HL_BM__63,HL_BM,train
HL_BM__64,HL_BM,train
HL_BM__65,HL_BM,train
HL_BM__66,HL_BM,train
HL_BM__67,HL_BM,train
HL_BM__68,HL_BM,train
HL_BM__69,HL_BM,train
HL_BM__7,HL_BM,train
HL_BM__70,HL_BM,train
HL_BM__71,HL_BM,train
HL_BM__72,HL_BM,train
HL_BM__73,HL_BM,train
HL_BM__74,HL_BM,train
HL_BM__75,HL_BM,train
HL_BM__76,HL_BM,train
HL_BM__77,HL_BM,train
HL_BM__78,HL_BM,train
HL_BM__79,HL_BM,train
HL_BM__8,HL_BM,train
HL_BM__80,HL_BM,train
HL_BM__81,HL_BM,train
HL_BM__82,HL_BM,train
HL_BM__83,HL_BM,train
HL_BM__84,HL_BM,train
HL_BM__85,HL_BM,train
HL_BM__86,HL_BM,train
HL_BM__87,HL_BM,train
HL_BM__88,HL_BM,train
HL_BM__89,HL_BM,train
HL_BM__9,HL_BM,train
HL_BM__90,HL_BM,train
HL_BM__91,HL_BM,train
HL_BM__92,HL_BM,train
HL_BM__93,HL_BM,train
HL_BM__94,HL_BM,train
HL_BM__95,HL_BM,train
HL_BM__96,HL_BM,train
HL_BM__97,HL_BM,train
HL_BM__98,HL_BM,train
HL_BM__99,HL_BM,train
HL_LM__0,HL_LM,val
HL_LM__1,HL_LM,val
HL_LM__10,HL_LM,val
HL_LM__11,HL_LM,val
HL_LM__12,HL_LM,val
HL_LM__13,HL_LM,val
HL_LM__14,HL_LM,val
HL_LM__15,HL_LM,val
HL_LM__16,HL_LM,val
HL_LM__17,HL_LM,val
HL_LM__18,HL_LM,val
HL_LM__19,HL_LM,val
HL_LM__2,HL_LM,val
HL_LM__20,HL_LM,val
HL_LM__21,HL_LM,val
HL_LM__22,HL_LM,val
HL_LM__23,HL_LM,val
HL_LM__24,HL_LM,val
HL_LM__25,HL_LM,val
HL_LM__26,HL_LM,val
HL_LM__27,HL_LM,val
HL_LM__28,HL_LM,val
HL_LM__29,HL_LM,val
HL_LM__3,HL_LM,val
HL_LM__30,HL_LM,val
HL_LM__31,HL_LM,val
HL_LM__32,HL_LM,val
HL_LM__33,HL_LM,val
HL_LM__34,HL_LM,val
HL_LM__35,HL_LM,val
HL_LM__36,HL_LM,val
HL_LM__37,HL_LM,val
HL_LM__38,HL_LM,val
HL_LM__39,HL_LM,val
HL_LM__4,HL_LM,val
HL_LM__40,HL_LM,val
HL_LM__41,HL_LM,val
HL_LM__42,HL_LM,val
HL_LM__43,HL_LM,val
HL_LM__44,HL_LM,val
HL_LM__45,HL_LM,val
HL_LM__46,HL_LM,val
HL_LM__47,HL_LM,val
HL_LM__48,HL_LM,val
HL_LM__49,HL_LM,val
HL_LM__5,HL_LM,val
HL_LM__50,HL_LM,val
HL_LM__51,HL_LM,val
HL_LM__52,HL_LM,val
HL_LM__53,HL_LM,val
HL_LM__54,HL_LM,val
HL_LM__55,HL_LM,val
HL_LM__56,HL_LM,val
HL_LM__57,HL_LM,val
HL_LM__58,HL_LM,val
HL_LM__59,HL_LM,val
HL_LM__6,HL_LM,val
HL_LM__60,HL_LM,val
HL_LM__61,HL_LM,val
HL_LM__62,HL_LM,val
HL_LM__63,HL_LM,val
HL_LM__64,HL_LM,val
HL_LM__65,HL_LM,val
HL_LM__66,HL_LM,val
HL_LM__67,HL_LM,val
HL_LM__68,HL_LM,val
HL_LM__69,HL_LM,val
HL_LM__7,HL_LM,val
HL_LM__70,HL_LM,val
HL_LM__71,HL_LM,val
HL_LM__72,HL_LM,val
HL_LM__73,HL_LM,val
HL_LM__74,HL_LM,val
HL_LM__75,HL_LM,val
HL_LM__76,HL_LM,val
HL_LM__77,HL_LM,val
HL_LM__78,HL_LM,val
HL_LM__79,HL_LM,val
HL_LM__8,HL_LM,val
HL_LM__80,HL_LM,val
HL_LM__81,HL_LM,val
HL_LM__82,HL_LM,val
HL_LM__83,HL_LM,val
HL_LM__84,HL_LM,val
HL_LM__85,HL_LM,val
HL_LM__86,HL_LM,val
HL_LM__87,HL_LM,val
HL_LM__88,HL_LM,val
HL_LM__89,HL_LM,val
HL_LM__9,HL_LM,val
HL_LM__90,HL_LM,val
HL_LM__91,HL_LM,val
HL_LM__92,HL_LM,val
HL_LM__93,HL_LM,val
HL_LM__94,HL_LM,val
HL_LM__95,HL_LM,val
HL_LM__96,HL_LM,val
HL_LM__97,HL_LM,val
HL_LM__98,HL_LM,val
HL_LM__99,HL_LM,val
MEB_CM__0,MEB_CM,train
MEB_CM__1,MEB_CM,train
MEB_CM__10,MEB_CM,train
MEB_CM__11,MEB_CM,train
MEB_CM__12,MEB_CM,train
MEB_CM__13,MEB_CM,train
MEB_CM__14,MEB_CM,train
MEB_CM__15,MEB_CM,train
MEB_CM__16,MEB_CM,train
MEB_CM__17,MEB_CM,train
MEB_CM__18,MEB_CM,train
MEB_CM__19,MEB_CM,train
MEB_CM__2,MEB_CM,train
MEB_CM__20,MEB_CM,train
MEB_CM__21,MEB_CM,train
MEB_CM__22,MEB_CM,train
MEB_CM__23,MEB_CM,train
MEB_CM__24,MEB_CM,train
MEB_CM__25,MEB_CM,train
MEB_CM__26,MEB_CM,train
MEB_CM__27,MEB_CM,train
MEB_CM__28,MEB_CM,train
MEB_CM__29,MEB_CM,train
MEB_CM__3,MEB_CM,train
MEB_CM__30,MEB_CM,train
MEB_CM__31,MEB_CM,train
MEB_CM__32,MEB_CM,train
MEB_CM__33,MEB_CM,train
MEB_CM__34,MEB_CM,train
MEB_CM__35,MEB_CM,train
MEB_CM__36,MEB_CM,train
MEB_CM__37,MEB_CM,train
MEB_CM__38,MEB_CM,train
MEB_CM__39,MEB_CM,train
MEB_CM__4,MEB_CM,train
MEB_CM__40,MEB_CM,train
MEB_CM__41,MEB_CM,train
MEB_CM__42,MEB_CM,train
MEB_CM__43,MEB_CM,train
MEB_CM__44,MEB_CM,train
MEB_CM__45,MEB_CM,train
MEB_CM__46,MEB_CM,train
MEB_CM__47,MEB_CM,train
MEB_CM__48,MEB_CM,train
MEB_CM__49,MEB_CM,train
MEB_CM__5,MEB_CM,train
MEB_CM__50,MEB_CM,train
MEB_CM__51,MEB_CM,train
MEB_CM__52,MEB_CM,train
MEB_CM__53,MEB_CM,train
MEB_CM__54,MEB_CM,train
MEB_CM__55,MEB_CM,train
MEB_CM__56,MEB_CM,train
MEB_CM__57,MEB_CM,train
MEB_CM__58,MEB_CM,train
MEB_CM__59,MEB_CM,train
MEB_CM__6,MEB_CM,train
MEB_CM__60,MEB_CM,train
MEB_CM__61,MEB_CM,train
MEB_CM__62,MEB_CM,train
MEB_CM__63,MEB_CM,train
MEB_CM__64,MEB_CM,train
MEB_CM__65,MEB_CM,train
MEB_CM__66,MEB_CM,train
MEB_CM__67,MEB_CM,train
MEB_CM__68,MEB_CM,train
MEB_CM__69,MEB_CM,train
MEB_CM__7,MEB_CM,train
MEB_CM__70,MEB_CM,train
MEB_CM__71,MEB_CM,train
MEB_CM__72,MEB_CM,train
MEB_CM__73,MEB_CM,train
MEB_CM__74,MEB_CM,train
MEB_CM__75,MEB_CM,train
MEB_CM__76,MEB_CM,train
MEB_CM__77,MEB_CM,train
MEB_CM__78,MEB_CM,train
MEB_CM__79,MEB_CM,train
MEB_CM__8,MEB_CM,train
MEB_CM__80,MEB_CM,train
MEB_CM__81,MEB_CM,train
MEB_CM__82,MEB_CM,train
MEB_CM__83,MEB_CM,train
MEB_CM__84,MEB_CM,train
MEB_CM__85,MEB_CM,train
MEB_CM__86,MEB_CM,train
MEB_CM__87,MEB_CM,train
MEB_CM__88,MEB_CM,train
MEB_CM__89,MEB_CM,train
MEB_CM__9,MEB_CM,train
MEB_CM__90,MEB_CM,train
MEB_CM__91,MEB_CM,train
MEB_CM__92,MEB_CM,train
MEB_CM__93,MEB_CM,train
MEB_CM__94,MEB_CM,train
MEB_CM__95,MEB_CM,train
MEB_CM__96,MEB_CM,train
MEB_CM__97,MEB_CM,train
MEB_CM__98,MEB_CM,train
MEB_CM__99,MEB_CM,train
MEB_HW_A__0,MEB_HW_A,test
MEB_HW_A__1,MEB_HW_A,test
MEB_HW_A__10,MEB_HW_A,test
MEB_HW_A__11,MEB_HW_A,test
MEB_HW_A__12,MEB_HW_A,test
MEB_HW_A__13,MEB_HW_A,test
MEB_HW_A__14,MEB_HW_A,test
MEB_HW_A__15,MEB_HW_A,test
MEB_HW_A__16,MEB_HW_A,test
MEB_HW_A__17,MEB_HW_A,test
MEB_HW_A__18,MEB_HW_A,test
MEB_HW_A__19,MEB_HW_A,test
MEB_HW_A__2,MEB_HW_A,test
MEB_HW_A__20,MEB_HW_A,test
MEB_HW_A__21,MEB_HW_A,test
MEB_HW_A__22,MEB_HW_A,test
MEB_HW_A__23,MEB_HW_A,test
MEB_HW_A__24,MEB_HW_A,test
MEB_HW_A__25,MEB_HW_A,test
MEB_HW_A__26,MEB_HW_A,test
MEB_HW_A__27,MEB_HW_A,test
MEB_HW_A__28,MEB_HW_A,test
MEB_HW_A__29,MEB_HW_A,test
MEB_HW_A__3,MEB_HW_A,test
MEB_HW_A__30,MEB_HW_A,test
MEB_HW_A__31,MEB_HW_A,test
MEB_HW_A__32,MEB_HW_A,test
MEB_HW_A__33,MEB_HW_A,test
MEB_HW_A__34,MEB_HW_A,test
MEB_HW_A__35,MEB_HW_A,test
MEB_HW_A__36,MEB_HW_A,test
MEB_HW_A__37,MEB_HW_A,test
MEB_HW_A__38,MEB_HW_A,test
MEB_HW_A__39,MEB_HW_A,test
MEB_HW_A__4,MEB_HW_A,test
MEB_HW_A__40,MEB_HW_A,test
MEB_HW_A__41,MEB_HW_A,test
MEB_HW_A__42,MEB_HW_A,test
MEB_HW_A__43,MEB_HW_A,test
MEB_HW_A__44,MEB_HW_A,test
MEB_HW_A__45,MEB_HW_A,test
MEB_HW_A__46,MEB_HW_A,test
MEB_HW_A__47,MEB_HW_A,test
MEB_HW_A__48,MEB_HW_A,test
MEB_HW_A__49,MEB_HW_A,test
MEB_HW_A__5,MEB_HW_A,test
MEB_HW_A__50,MEB_HW_A,test
MEB_HW_A__51,MEB_HW_A,test
MEB_HW_A__52,MEB_HW_A,test
MEB_HW_A__53,MEB_HW_A,test
MEB_HW_A__54,MEB_HW_A,test
MEB_HW_A__55,MEB_HW_A,test
MEB_HW_A__56,MEB_HW_A,test
MEB_HW_A__57,MEB_HW_A,test
MEB_HW_A__58,MEB_HW_A,test
MEB_HW_A__59,MEB_HW_A,test
MEB_HW_A__6,MEB_HW_A,test
MEB_HW_A__60,MEB_HW_A,test
MEB_HW_A__61,MEB_HW_A,test
MEB_HW_A__62,MEB_HW_A,test
MEB_HW_A__63,MEB_HW_A,test
MEB_HW_A__64,MEB_HW_A,test
MEB_HW_A__65,MEB_HW_A,test
MEB_HW_A__66,MEB_HW_A,test
MEB_HW_A__67,MEB_HW_A,test
MEB_HW_A__68,MEB_HW_A,test
MEB_HW_A__69,MEB_HW_A,test
MEB_HW_A__7,MEB_HW_A,test
MEB_HW_A__70,MEB_HW_A,test
MEB_HW_A__71,MEB_HW_A,test
MEB_HW_A__72,MEB_HW_A,test
MEB_HW_A__73,MEB_HW_A,test
MEB_HW_A__74,MEB_HW_A,test
MEB_HW_A__75,MEB_HW_A,test
MEB_HW_A__76,MEB_HW_A,test
MEB_HW_A__77,MEB_HW_A,test
MEB_HW_A__78,MEB_HW_A,test
MEB_HW_A__79,MEB_HW_A,test
MEB_HW_A__8,MEB_HW_A,test
MEB_HW_A__80,MEB_HW_A,test
MEB_HW_A__81,MEB_HW_A,test
MEB_HW_A__82,MEB_HW_A,test
MEB_HW_A__83,MEB_HW_A,test
MEB_HW_A__84,MEB_HW_A,test
MEB_HW_A__85,MEB_HW_A,test
MEB_HW_A__86,MEB_HW_A,test
MEB_HW_A__87,MEB_HW_A,test
MEB_HW_A__88,MEB_HW_A,test
MEB_HW_A__89,MEB_HW_A,test
MEB_HW_A__9,MEB_HW_A,test
MEB_HW_A__90,MEB_HW_A,test
MEB_HW_A__91,MEB_HW_A,test
MEB_HW_A__92,MEB_HW_A,test
MEB_HW_A__93,MEB_HW_A,test
MEB_HW_A__94,MEB_HW_A,test
MEB_HW_A__95,MEB_HW_A,test
MEB_HW_A__96,MEB_HW_A,test
MEB_HW_A__97,MEB_HW_A,test
MEB_HW_A__98,MEB_HW_A,test
MEB_HW_A__99,MEB_HW_A,test
MEB_HW_B__0,MEB_HW_B,train
MEB_HW_B__1,MEB_HW_B,train
MEB_HW_B__10,MEB_HW_B,train
MEB_HW_B__11,MEB_HW_B,train
MEB_HW_B__12,MEB_HW_B,train
MEB_HW_B__13,MEB_HW_B,train
MEB_HW_B__14,MEB_HW_B,train
MEB_HW_B__15,MEB_HW_B,train
MEB_HW_B__16,MEB_HW_B,train
MEB_HW_B__17,MEB_HW_B,train
MEB_HW_B__18,MEB_HW_B,train
MEB_HW_B__19,MEB_HW_B,train
MEB_HW_B__2,MEB_HW_B,train
MEB_HW_B__20,MEB_HW_B,train
MEB_HW_B__21,MEB_HW_B,train
MEB_HW_B__22,MEB_HW_B,train
MEB_HW_B__23,MEB_HW_B,train
MEB_HW_B__24,MEB_HW_B,train
MEB_HW_B__25,MEB_HW_B,train
MEB_HW_B__26,MEB_HW_B,train
MEB_HW_B__27,MEB_HW_B,train
MEB_HW_B__28,MEB_HW_B,train
MEB_HW_B__29,MEB_HW_B,train
MEB_HW_B__3,MEB_HW_B,train
MEB_HW_B__30,MEB_HW_B,train
MEB_HW_B__31,MEB_HW_B,train
MEB_HW_B__32,MEB_HW_B,train
MEB_HW_B__33,MEB_HW_B,train
MEB_HW_B__34,MEB_HW_B,train
MEB_HW_B__35,MEB_HW_B,train
MEB_HW_B__36,MEB_HW_B,train
MEB_HW_B__37,MEB_HW_B,train
MEB_HW_B__38,MEB_HW_B,train
MEB_HW_B__39,MEB_HW_B,train
MEB_HW_B__4,MEB_HW_B,train
MEB_HW_B__40,MEB_HW_B,train
MEB_HW_B__41,MEB_HW_B,train
MEB_HW_B__42,MEB_HW_B,train
MEB_HW_B__43,MEB_HW_B,train
MEB_HW_B__44,MEB_HW_B,train
MEB_HW_B__45,MEB_HW_B,train
MEB_HW_B__46,MEB_HW_B,train
MEB_HW_B__47,MEB_HW_B,train
MEB_HW_B__48,MEB_HW_B,train
MEB_HW_B__49,MEB_HW_B,train
MEB_HW_B__5,MEB_HW_B,train
MEB_HW_B__50,MEB_HW_B,train
MEB_HW_B__51,MEB_HW_B,train
MEB_HW_B__52,MEB_HW_B,train
MEB_HW_B__53,MEB_HW_B,train
MEB_HW_B__54,MEB_HW_B,train
MEB_HW_B__55,MEB_HW_B,train
MEB_HW_B__56,MEB_HW_B,train
MEB_HW_B__57,MEB_HW_B,train
MEB_HW_B__58,MEB_HW_B,train
MEB_HW_B__59,MEB_HW_B,train
MEB_HW_B__6,MEB_HW_B,train
MEB_HW_B__60,MEB_HW_B,train
MEB_HW_B__61,MEB_HW_B,train
MEB_HW_B__62,MEB_HW_B,train
MEB_HW_B__63,MEB_HW_B,train
MEB_HW_B__64,MEB_HW_B,train
MEB_HW_B__65,MEB_HW_B,train
MEB_HW_B__66,MEB_HW_B,train
MEB_HW_B__67,MEB_HW_B,train
MEB_HW_B__68,MEB_HW_B,train
MEB_HW_B__69,MEB_HW_B,train
MEB_HW_B__7,MEB_HW_B,train
MEB_HW_B__70,MEB_HW_B,train
MEB_HW_B__71,MEB_HW_B,train
MEB_HW_B__72,MEB_HW_B,train
MEB_HW_B__73,MEB_HW_B,train
MEB_HW_B__74,MEB_HW_B,train
MEB_HW_B__75,MEB_HW_B,train
MEB_HW_B__76,MEB_HW_B,train
MEB_HW_B__77,MEB_HW_B,train
MEB_HW_B__78,MEB_HW_B,train
MEB_HW_B__79,MEB_HW_B,train
MEB_HW_B__8,MEB_HW_B,train
MEB_HW_B__80,MEB_HW_B,train
MEB_HW_B__81,MEB_HW_B,train
MEB_HW_B__82,MEB_HW_B,train
MEB_HW_B__83,MEB_HW_B,train
MEB_HW_B__84,MEB_HW_B,train
MEB_HW_B__85,MEB_HW_B,train
MEB_HW_B__86,MEB_HW_B,train
MEB_HW_B__87,MEB_HW_B,train
MEB_HW_B__88,MEB_HW_B,train
MEB_HW_B__89,MEB_HW_B,train
MEB_HW_B__9,MEB_HW_B,train
MEB_HW_B__90,MEB_HW_B,train
MEB_HW_B__91,MEB_HW_B,train
MEB_HW_B__92,MEB_HW_B,train
MEB_HW_B__93,MEB_HW_B,train
MEB_HW_B__94,MEB_HW_B,train
MEB_HW_B__95,MEB_HW_B,train
MEB_HW_B__96,MEB_HW_B,train
MEB_HW_B__97,MEB_HW_B,train
MEB_HW_B__98,MEB_HW_B,train
MEB_HW_B__99,MEB_HW_B,train
MEB_HW_C__0,MEB_HW_C,train
MEB_HW_C__1,MEB_HW_C,train
MEB_HW_C__10,MEB_HW_C,train
MEB_HW_C__11,MEB_HW_C,train
MEB_HW_C__12,MEB_HW_C,train
MEB_HW_C__13,MEB_HW_C,train
MEB_HW_C__14,MEB_HW_C,train
MEB_HW_C__15,MEB_HW_C,train
MEB_HW_C__16,MEB_HW_C,train
MEB_HW_C__17,MEB_HW_C,train
MEB_HW_C__18,MEB_HW_C,train
MEB_HW_C__19,MEB_HW_C,train
MEB_HW_C__2,MEB_HW_C,train
MEB_HW_C__20,MEB_HW_C,train
MEB_HW_C__21,MEB_HW_C,train
MEB_HW_C__22,MEB_HW_C,train
MEB_HW_C__23,MEB_HW_C,train
MEB_HW_C__24,MEB_HW_C,train
MEB_HW_C__25,MEB_HW_C,train
MEB_HW_C__26,MEB_HW_C,train
MEB_HW_C__27,MEB_HW_C,train
MEB_HW_C__28,MEB_HW_C,train
MEB_HW_C__29,MEB_HW_C,train
MEB_HW_C__3,MEB_HW_C,train
MEB_HW_C__30,MEB_HW_C,train
MEB_HW_C__31,MEB_HW_C,train
MEB_HW_C__32,MEB_HW_C,train
MEB_HW_C__33,MEB_HW_C,train
MEB_HW_C__34,MEB_HW_C,train
MEB_HW_C__35,MEB_HW_C,train
MEB_HW_C__36,MEB_HW_C,train
MEB_HW_C__37,MEB_HW_C,train
MEB_HW_C__38,MEB_HW_C,train
MEB_HW_C__39,MEB_HW_C,train
MEB_HW_C__4,MEB_HW_C,train
MEB_HW_C__40,MEB_HW_C,train
MEB_HW_C__41,MEB_HW_C,train
MEB_HW_C__42,MEB_HW_C,train
MEB_HW_C__43,MEB_HW_C,train
MEB_HW_C__44,MEB_HW_C,train
MEB_HW_C__45,MEB_HW_C,train
MEB_HW_C__46,MEB_HW_C,train
MEB_HW_C__47,MEB_HW_C,train
MEB_HW_C__48,MEB_HW_C,train
MEB_HW_C__49,MEB_HW_C,train
MEB_HW_C__5,MEB_HW_C,train
MEB_HW_C__50,MEB_HW_C,train
MEB_HW_C__51,MEB_HW_C,train
MEB_HW_C__52,MEB_HW_C,train
MEB_HW_C__53,MEB_HW_C,train
MEB_HW_C__54,MEB_HW_C,train
MEB_HW_C__55,MEB_HW_C,train
MEB_HW_C__56,MEB_HW_C,train
MEB_HW_C__57,MEB_HW_C,train
MEB_HW_C__58,MEB_HW_C,train
MEB_HW_C__59,MEB_HW_C,train
MEB_HW_C__6,MEB_HW_C,train
MEB_HW_C__60,MEB_HW_C,train
MEB_HW_C__61,MEB_HW_C,train
MEB_HW_C__62,MEB_HW_C,train
MEB_HW_C__63,MEB_HW_C,train
MEB_HW_C__64,MEB_HW_C,train
MEB_HW_C__65,MEB_HW_C,train
MEB_HW_C__66,MEB_HW_C,train
MEB_HW_C__67,MEB_HW_C,train
MEB_HW_C__68,MEB_HW_C,train
MEB_HW_C__69,MEB_HW_C,train
MEB_HW_C__7,MEB_HW_C,train
MEB_HW_C__70,MEB_HW_C,train
MEB_HW_C__71,MEB_HW_C,train
MEB_HW_C__72,MEB_HW_C,train
MEB_HW_C__73,MEB_HW_C,train
MEB_HW_C__74,MEB_HW_C,train
MEB_HW_C__75,MEB_HW_C,train
MEB_HW_C__76,MEB_HW_C,train
MEB_HW_C__77,MEB_HW_C,train
MEB_HW_C__78,MEB_HW_C,train
MEB_HW_C__79,MEB_HW_C,train
MEB_HW_C__8,MEB_HW_C,train
MEB_HW_C__80,MEB_HW_C,train
MEB_HW_C__81,MEB_HW_C,train
MEB_HW_C__82,MEB_HW_C,train
MEB_HW_C__83,MEB_HW_C,train
MEB_HW_C__84,MEB_HW_C,train
MEB_HW_C__85,MEB_HW_C,train
MEB_HW_C__86,MEB_HW_C,train
MEB_HW_C__87,MEB_HW_C,train
MEB_HW_C__88,MEB_HW_C,train
MEB_HW_C__89,MEB_HW_C,train
MEB_HW_C__9,MEB_HW_C,train
MEB_HW_C__90,MEB_HW_C,train
MEB_HW_C__91,MEB_HW_C,train
MEB_HW_C__92,MEB_HW_C,train
MEB_HW_C__93,MEB_HW_C,train
MEB_HW_C__94,MEB_HW_C,train
MEB_HW_C__95,MEB_HW_C,train
MEB_HW_C__96,MEB_HW_C,train
MEB_HW_C__97,MEB_HW_C,train
MEB_HW_C__98,MEB_HW_C,train
MEB_HW_C__99,MEB_HW_C,train
